timestamp,regime,symbol,side,score,confidence,strategy,sources
2025-11-03 17:00:00,warmup,BTC-USDT,sell,0.687530970688494,0.687530970688494,FUSED,"TrendFollowing,Alpha6Factor"
2025-11-03 17:00:00,warmup,ETH-USDT,sell,0.7867708093384598,0.79137993068752,FUSED,"TrendFollowing,Alpha6Factor"
2025-11-03 17:00:00,warmup,SOL-USDT,sell,0.9922967102488203,0.9922967102488203,FUSED,"TrendFollowing,Alpha6Factor"
2025-11-03 17:00:00,warmup,BNB-USDT,sell,0.9854345469528161,0.9854345469528161,FUSED,"TrendFollowing,Alpha6Factor"
2025-11-04 17:00:00,warmup,BTC-USDT,sell,1.2191586330450375,1.0,FUSED,"TrendFollowing,Alpha6Factor"
2025-11-04 17:00:00,warmup,ETH-USDT,sell,1.1754888812922353,0.9341925216171384,FUSED,"TrendFollowing,Alpha6Factor"
2025-11-04 17:00:00,warmup,SOL-USDT,sell,1.2868876859263174,0.9731317987352364,FUSED,"TrendFollowing,Alpha6Factor"
2025-11-04 17:00:00,warmup,BNB-USDT,sell,1.3804222725186173,1.0,FUSED,"TrendFollowing,Alpha6Factor"
2025-11-05 17:00:00,warmup,BTC-USDT,sell,0.8227424315107038,0.8227424315107038,Alpha6Factor,
2025-11-05 17:00:00,warmup,ETH-USDT,sell,1.1179153670395325,1.0,Alpha6Factor,
2025-11-05 17:00:00,warmup,SOL-USDT,sell,1.2062573122161773,1.0,Alpha6Factor,
2025-11-05 17:00:00,warmup,BNB-USDT,sell,1.2256201824340849,1.0,Alpha6Factor,
2025-11-06 17:00:00,warmup,BTC-USDT,sell,1.2756126802416032,1.0,Alpha6Factor,
2025-11-06 17:00:00,warmup,ETH-USDT,sell,1.5485253263216872,1.0,Alpha6Factor,
2025-11-06 17:00:00,warmup,SOL-USDT,sell,1.5934233736256775,1.0,Alpha6Factor,
2025-11-06 17:00:00,warmup,BNB-USDT,sell,1.5623789494485576,1.0,Alpha6Factor,
2025-11-07 17:00:00,warmup,BNB-USDT,sell,1.2330974489329143,1.0,Alpha6Factor,
2025-11-07 17:00:00,warmup,BTC-USDT,sell,1.141490894931756,1.0,Alpha6Factor,
2025-11-07 17:00:00,warmup,ETH-USDT,sell,1.3292210520060321,1.0,Alpha6Factor,
2025-11-07 17:00:00,warmup,SOL-USDT,sell,1.2947672442867262,1.0,Alpha6Factor,
2025-11-08 17:00:00,warmup,BNB-USDT,sell,0.9338010521757052,0.9338010521757052,Alpha6Factor,
2025-11-08 17:00:00,warmup,BTC-USDT,sell,1.407105277667852,1.0,Alpha6Factor,
2025-11-08 17:00:00,warmup,ETH-USDT,sell,1.4067563321018177,1.0,Alpha6Factor,
2025-11-08 17:00:00,warmup,SOL-USDT,sell,1.6152219239098395,1.0,Alpha6Factor,
2025-11-09 17:00:00,warmup,BTC-USDT,sell,0.9626119808368019,0.9626119808368019,Alpha6Factor,
2025-11-09 17:00:00,warmup,SOL-USDT,sell,1.19832928699483,1.0,Alpha6Factor,
2025-11-09 17:00:00,warmup,BNB-USDT,sell,0.905212367869297,0.905212367869297,Alpha6Factor,
2025-11-10 17:00:00,warmup,BTC-USDT,buy,1.0,1.0,TrendFollowing,
2025-11-10 17:00:00,warmup,SOL-USDT,sell,0.9563115835241025,0.9563115835241025,Alpha6Factor,
2025-11-10 17:00:00,warmup,ETH-USDT,sell,0.8625187223236731,0.8625187223236731,Alpha6Factor,
2025-11-10 17:00:00,warmup,BNB-USDT,sell,1.0608184835020575,1.0,Alpha6Factor,
2025-11-11 17:00:00,warmup,BNB-USDT,sell,0.9536034414449758,0.8132829817781773,FUSED,"TrendFollowing,Alpha6Factor"
2025-11-11 17:00:00,warmup,BTC-USDT,sell,0.9933099560112559,0.9933099560112559,Alpha6Factor,
2025-11-11 17:00:00,warmup,ETH-USDT,sell,1.1365485609251749,1.0,Alpha6Factor,
2025-11-12 17:00:00,warmup,BTC-USDT,sell,1.0395058049703243,0.9271683601559607,FUSED,"TrendFollowing,Alpha6Factor"
2025-11-12 17:00:00,warmup,ETH-USDT,sell,0.9829782986590975,0.9053597243123697,FUSED,"TrendFollowing,Alpha6Factor"
2025-11-12 17:00:00,warmup,SOL-USDT,sell,1.2404022022615222,0.909636815960031,FUSED,"TrendFollowing,Alpha6Factor"
2025-11-12 17:00:00,warmup,BNB-USDT,sell,1.159378305594548,0.8773268882811113,FUSED,"TrendFollowing,Alpha6Factor"
2025-11-13 17:00:00,warmup,SOL-USDT,sell,1.289348764808658,0.8179550035045943,FUSED,"TrendFollowing,Alpha6Factor"
2025-11-13 17:00:00,warmup,BTC-USDT,sell,1.4673905277721964,1.0,Alpha6Factor,
2025-11-13 17:00:00,warmup,ETH-USDT,sell,1.5805760159772126,1.0,Alpha6Factor,
2025-11-13 17:00:00,warmup,BNB-USDT,sell,1.8933419004805458,1.0,Alpha6Factor,
2025-11-14 17:00:00,warmup,BTC-USDT,sell,1.4578792900868758,1.0,FUSED,"TrendFollowing,Alpha6Factor"
2025-11-14 17:00:00,warmup,ETH-USDT,sell,1.2477518720218903,0.9179420041532413,FUSED,"TrendFollowing,Alpha6Factor"
2025-11-14 17:00:00,warmup,SOL-USDT,sell,1.540256185271264,1.0,FUSED,"TrendFollowing,Alpha6Factor"
2025-11-14 17:00:00,warmup,BNB-USDT,sell,1.737790671234096,1.0,Alpha6Factor,
2025-11-15 17:00:00,warmup,BTC-USDT,sell,2.2182650544022686,1.0,Alpha6Factor,
2025-11-15 17:00:00,warmup,ETH-USDT,sell,1.9419358315584185,1.0,Alpha6Factor,
2025-11-15 17:00:00,warmup,SOL-USDT,sell,2.4497101098051934,1.0,Alpha6Factor,
2025-11-15 17:00:00,warmup,BNB-USDT,sell,1.6338000546351235,1.0,Alpha6Factor,
2025-11-16 17:00:00,warmup,BTC-USDT,sell,1.5840741247566594,0.8206455169070396,FUSED,"TrendFollowing,Alpha6Factor"
2025-11-16 17:00:00,warmup,ETH-USDT,sell,2.372487400826648,1.0,Alpha6Factor,
2025-11-16 17:00:00,warmup,SOL-USDT,sell,2.906891764163645,1.0,Alpha6Factor,
2025-11-16 17:00:00,warmup,BNB-USDT,sell,2.038186312096503,1.0,Alpha6Factor,
2025-11-17 17:00:00,warmup,BTC-USDT,sell,1.6081267172138383,0.8177932438900444,FUSED,"TrendFollowing,Alpha6Factor"
2025-11-17 17:00:00,warmup,SOL-USDT,sell,1.8335586794689944,0.9057333093431956,FUSED,"TrendFollowing,Alpha6Factor"
2025-11-17 17:00:00,warmup,BNB-USDT,sell,1.4108915407152538,0.9604111745999598,FUSED,"TrendFollowing,Alpha6Factor"
2025-11-17 17:00:00,warmup,ETH-USDT,sell,2.304153666898831,1.0,Alpha6Factor,
2025-11-18 17:00:00,warmup,ETH-USDT,sell,0.8988284882693109,0.571131479627204,FUSED,"MeanReversion,Alpha6Factor"
2025-11-18 17:00:00,warmup,SOL-USDT,sell,1.1542840721521417,0.6668341708542707,FUSED,"MeanReversion,Alpha6Factor"
2025-11-18 17:00:00,warmup,BNB-USDT,sell,0.7115462734113089,0.5942982456140351,FUSED,"MeanReversion,Alpha6Factor"
2025-11-18 17:00:00,warmup,BTC-USDT,sell,2.2131045452569356,1.0,Alpha6Factor,
2025-11-19 17:00:00,warmup,BTC-USDT,sell,1.9798148486793246,0.9363896392412516,FUSED,"TrendFollowing,Alpha6Factor"
2025-11-19 17:00:00,warmup,ETH-USDT,sell,1.758628457227664,0.930463455368409,FUSED,"TrendFollowing,Alpha6Factor"
2025-11-19 17:00:00,warmup,SOL-USDT,sell,2.960593419545596,1.0,Alpha6Factor,
2025-11-19 17:00:00,warmup,BNB-USDT,sell,2.3494227659865405,1.0,Alpha6Factor,
2025-11-20 17:00:00,warmup,BTC-USDT,sell,2.114809287915187,0.9486455443313221,FUSED,"TrendFollowing,Alpha6Factor"
2025-11-20 17:00:00,warmup,ETH-USDT,sell,1.789365092269664,0.8541593125937943,FUSED,"TrendFollowing,Alpha6Factor"
2025-11-20 17:00:00,warmup,BNB-USDT,sell,1.491901813229479,0.8298181692435966,FUSED,"TrendFollowing,Alpha6Factor"
2025-11-20 17:00:00,warmup,SOL-USDT,sell,2.74974055619003,1.0,Alpha6Factor,
2025-11-21 17:00:00,warmup,BTC-USDT,sell,2.0368716874690205,1.0,FUSED,"TrendFollowing,Alpha6Factor"
2025-11-21 17:00:00,warmup,SOL-USDT,sell,1.7817200000922617,1.0,FUSED,"TrendFollowing,Alpha6Factor"
2025-11-21 17:00:00,warmup,BNB-USDT,sell,1.8120797514553768,1.0,FUSED,"TrendFollowing,Alpha6Factor"
2025-11-21 17:00:00,warmup,ETH-USDT,sell,2.6772856858996246,1.0,Alpha6Factor,
2025-11-22 17:00:00,warmup,BTC-USDT,sell,3.519879514285804,1.0,Alpha6Factor,
2025-11-22 17:00:00,warmup,ETH-USDT,sell,3.081247339365312,1.0,Alpha6Factor,
2025-11-22 17:00:00,warmup,SOL-USDT,sell,2.8465265791876333,1.0,Alpha6Factor,
2025-11-22 17:00:00,warmup,BNB-USDT,sell,2.8410204578371605,1.0,Alpha6Factor,
2025-11-23 17:00:00,warmup,ETH-USDT,sell,2.614824235047458,1.0,Alpha6Factor,
2025-11-24 17:00:00,warmup,BTC-USDT,sell,1.9254120796310856,1.0,Alpha6Factor,
2025-11-24 17:00:00,warmup,ETH-USDT,sell,1.0999092304898541,1.0,Alpha6Factor,
2025-11-24 17:00:00,warmup,SOL-USDT,sell,1.1591857087430602,1.0,Alpha6Factor,
2025-11-24 17:00:00,warmup,BNB-USDT,sell,0.9084764954790592,0.9084764954790592,Alpha6Factor,
2025-11-25 17:00:00,warmup,BTC-USDT,sell,2.4141964684671358,1.0,Alpha6Factor,
2025-11-25 17:00:00,warmup,SOL-USDT,sell,1.5882385016502518,1.0,Alpha6Factor,
2025-11-26 17:00:00,warmup,BTC-USDT,sell,1.625665889943419,1.0,Alpha6Factor,
2025-11-26 17:00:00,warmup,ETH-USDT,sell,0.8358485339184327,0.8358485339184327,Alpha6Factor,
2025-11-26 17:00:00,warmup,SOL-USDT,sell,0.9408787277551666,0.9408787277551666,Alpha6Factor,
2025-11-26 17:00:00,warmup,BNB-USDT,sell,0.7898848600617374,0.7898848600617374,Alpha6Factor,
2025-11-27 17:00:00,warmup,BNB-USDT,sell,1.174902788910946,1.0,Alpha6Factor,
2025-11-27 17:00:00,warmup,ETH-USDT,sell,1.1995671769265597,1.0,Alpha6Factor,
2025-11-27 17:00:00,warmup,SOL-USDT,sell,1.1798019241341202,1.0,Alpha6Factor,
2025-11-28 17:00:00,warmup,BTC-USDT,sell,1.6344381654258284,1.0,Alpha6Factor,
2025-11-28 17:00:00,warmup,ETH-USDT,sell,1.041972443754099,1.0,Alpha6Factor,
2025-11-28 17:00:00,warmup,SOL-USDT,sell,1.3017415688667155,1.0,Alpha6Factor,
2025-11-28 17:00:00,warmup,BNB-USDT,sell,1.67829970235418,1.0,Alpha6Factor,
2025-11-29 17:00:00,warmup,BTC-USDT,sell,1.4907202505109642,0.976499945401224,FUSED,"TrendFollowing,Alpha6Factor"
2025-11-29 17:00:00,warmup,ETH-USDT,sell,1.35557334905019,0.9468602266009242,FUSED,"TrendFollowing,Alpha6Factor"
2025-11-29 17:00:00,warmup,SOL-USDT,sell,1.3395913498971508,0.9479028782494515,FUSED,"TrendFollowing,Alpha6Factor"
2025-11-29 17:00:00,warmup,BNB-USDT,sell,1.4240146707269692,1.0,FUSED,"TrendFollowing,Alpha6Factor"
2025-11-30 17:00:00,warmup,BTC-USDT,sell,2.002204102347943,1.0,Alpha6Factor,
2025-11-30 17:00:00,warmup,ETH-USDT,sell,1.5130903955388062,1.0,Alpha6Factor,
2025-11-30 17:00:00,warmup,SOL-USDT,sell,1.6391506380521836,1.0,Alpha6Factor,
2025-11-30 17:00:00,warmup,BNB-USDT,sell,1.1043553572683213,1.0,Alpha6Factor,
2025-12-01 17:00:00,warmup,BTC-USDT,sell,1.6795331861734764,1.0,FUSED,"TrendFollowing,Alpha6Factor"
2025-12-01 17:00:00,warmup,ETH-USDT,sell,1.0,1.0,TrendFollowing,
2025-12-01 17:00:00,warmup,SOL-USDT,sell,1.5723046099456344,1.0,FUSED,"TrendFollowing,Alpha6Factor"
2025-12-01 17:00:00,warmup,BNB-USDT,sell,1.4660891571382209,1.0,FUSED,"TrendFollowing,Alpha6Factor"
2025-12-02 17:00:00,warmup,BTC-USDT,sell,1.2044408523501966,1.0,Alpha6Factor,
2025-12-02 17:00:00,warmup,ETH-USDT,sell,0.9595071859034763,0.9595071859034763,Alpha6Factor,
2025-12-02 17:00:00,warmup,SOL-USDT,sell,0.5291281913901853,0.5291281913901853,Alpha6Factor,
2025-12-02 17:00:00,warmup,BNB-USDT,sell,0.8006222819896807,0.8006222819896807,Alpha6Factor,
2025-12-03 17:00:00,warmup,ETH-USDT,buy,1.0,1.0,TrendFollowing,
2025-12-03 17:00:00,warmup,SOL-USDT,buy,0.6158307886928813,0.6926646309543051,TrendFollowing,
2025-12-03 17:00:00,warmup,BNB-USDT,buy,0.5717612184410599,0.5717612184410599,FUSED,"TrendFollowing,Alpha6Factor"
2025-12-04 17:00:00,warmup,BTC-USDT,sell,0.41348205810462996,0.41348205810462996,Alpha6Factor,
2025-12-04 17:00:00,warmup,ETH-USDT,buy,0.14861526857747642,0.14861526857747642,Alpha6Factor,
2025-12-04 17:00:00,warmup,SOL-USDT,buy,0.08570780608555223,0.08570780608555223,Alpha6Factor,
2025-12-04 17:00:00,warmup,BNB-USDT,sell,0.11004160026208695,0.11004160026208695,Alpha6Factor,
2025-12-05 17:00:00,warmup,BTC-USDT,sell,1.027893116967138,0.9725239323079024,FUSED,"TrendFollowing,Alpha6Factor"
2025-12-05 17:00:00,warmup,ETH-USDT,sell,0.5595163835364101,0.6072719140003838,FUSED,"TrendFollowing,Alpha6Factor"
2025-12-05 17:00:00,warmup,SOL-USDT,sell,0.820099878210336,0.8367943399797695,FUSED,"TrendFollowing,Alpha6Factor"
2025-12-05 17:00:00,warmup,BNB-USDT,sell,0.7880217355119716,0.8250994482474612,FUSED,"TrendFollowing,Alpha6Factor"
2025-12-06 17:00:00,warmup,BTC-USDT,sell,0.7129986905576449,0.7129986905576449,Alpha6Factor,
2025-12-06 17:00:00,warmup,SOL-USDT,sell,0.29022955432636,0.29022955432636,Alpha6Factor,
2025-12-06 17:00:00,warmup,BNB-USDT,sell,0.29504560305211724,0.29504560305211724,Alpha6Factor,
2025-12-07 17:00:00,warmup,BTC-USDT,sell,0.35378553354419096,0.35378553354419096,Alpha6Factor,
2025-12-07 17:00:00,warmup,ETH-USDT,buy,0.3314816352930834,0.3314816352930834,Alpha6Factor,
2025-12-07 17:00:00,warmup,SOL-USDT,buy,0.16008073500815834,0.16008073500815834,Alpha6Factor,
2025-12-07 17:00:00,warmup,BNB-USDT,sell,0.17573101399201987,0.17573101399201987,Alpha6Factor,
2025-12-08 17:00:00,warmup,ETH-USDT,buy,0.5638385384273363,0.6510708307418691,TrendFollowing,
2025-12-08 17:00:00,warmup,SOL-USDT,buy,0.6094212192995644,0.6875369754396515,TrendFollowing,
2025-12-08 17:00:00,warmup,BTC-USDT,sell,0.6005659254350377,0.6005659254350377,Alpha6Factor,
2025-12-08 17:00:00,warmup,BNB-USDT,sell,0.6958084844395709,0.6958084844395709,Alpha6Factor,
2025-12-09 17:00:00,warmup,BTC-USDT,buy,0.7551356834129463,0.7969145591599369,FUSED,"TrendFollowing,Alpha6Factor"
2025-12-09 17:00:00,warmup,ETH-USDT,buy,1.2254804336166965,0.8034586317095448,FUSED,"TrendFollowing,Alpha6Factor"
2025-12-09 17:00:00,warmup,SOL-USDT,buy,1.0550755128710374,1.0,Alpha6Factor,
2025-12-09 17:00:00,warmup,BNB-USDT,buy,0.749034830286011,0.749034830286011,Alpha6Factor,
2025-12-10 17:00:00,warmup,ETH-USDT,buy,1.535503062906409,0.9014699187619344,FUSED,"TrendFollowing,Alpha6Factor"
2025-12-10 17:00:00,warmup,BTC-USDT,buy,1.0821061729498356,1.0,Alpha6Factor,
2025-12-10 17:00:00,warmup,SOL-USDT,buy,0.39974747602359095,0.39974747602359095,Alpha6Factor,
2025-12-10 17:00:00,warmup,BNB-USDT,buy,0.423186228858518,0.423186228858518,Alpha6Factor,
2025-12-11 17:00:00,warmup,BTC-USDT,buy,1.158630479966063,1.0,Alpha6Factor,
2025-12-11 17:00:00,warmup,BNB-USDT,sell,0.8916274658226646,0.9133019726581317,TrendFollowing,
2025-12-11 17:00:00,warmup,SOL-USDT,buy,0.5637630603294572,0.5637630603294572,Alpha6Factor,
2025-12-12 17:00:00,warmup,ETH-USDT,buy,1.1939468103579336,1.0,Alpha6Factor,
2025-12-12 17:00:00,warmup,BTC-USDT,buy,0.923154089873382,0.923154089873382,Alpha6Factor,
2025-12-12 17:00:00,warmup,SOL-USDT,buy,0.42506104686921575,0.42506104686921575,Alpha6Factor,
2025-12-12 17:00:00,warmup,BNB-USDT,buy,0.6631155651815269,0.6631155651815269,Alpha6Factor,
2025-12-13 17:00:00,warmup,BTC-USDT,sell,0.5603464404430563,0.648277152354445,TrendFollowing,
2025-12-13 17:00:00,warmup,SOL-USDT,sell,0.42505737679473765,0.45859768330357403,FUSED,"TrendFollowing,Alpha6Factor"
2025-12-13 17:00:00,warmup,BNB-USDT,buy,0.8758623259416638,0.8758623259416638,FUSED,"TrendFollowing,Alpha6Factor"
2025-12-14 17:00:00,warmup,BTC-USDT,sell,0.6694528669928934,0.6694528669928934,FUSED,"TrendFollowing,Alpha6Factor"
2025-12-14 17:00:00,warmup,ETH-USDT,sell,1.0,1.0,TrendFollowing,
2025-12-14 17:00:00,warmup,SOL-USDT,sell,0.8706702558018178,0.8907252830983258,FUSED,"TrendFollowing,Alpha6Factor"
2025-12-15 17:00:00,warmup,BTC-USDT,sell,0.6105347425763314,0.6406192736683045,FUSED,"TrendFollowing,Alpha6Factor"
2025-12-15 17:00:00,warmup,ETH-USDT,sell,0.3367367591951719,0.3837843092154636,FUSED,"TrendFollowing,Alpha6Factor"
2025-12-15 17:00:00,warmup,SOL-USDT,sell,0.8520530119914622,0.8449556233502422,FUSED,"TrendFollowing,Alpha6Factor"
2025-12-16 17:00:00,warmup,ETH-USDT,sell,0.4961284974504641,0.5404623794564891,FUSED,"TrendFollowing,Alpha6Factor"
2025-12-16 17:00:00,warmup,BTC-USDT,sell,0.581553984743607,0.581553984743607,Alpha6Factor,
2025-12-16 17:00:00,warmup,SOL-USDT,sell,1.3843508463345706,1.0,Alpha6Factor,
2025-12-16 17:00:00,warmup,BNB-USDT,sell,0.4541365163745133,0.4541365163745133,Alpha6Factor,
2025-12-17 17:00:00,warmup,BTC-USDT,sell,0.8377827069618926,0.8674066322067484,FUSED,"TrendFollowing,Alpha6Factor"
2025-12-17 17:00:00,warmup,ETH-USDT,sell,0.8281599471745096,0.8281599471745096,Alpha6Factor,
2025-12-17 17:00:00,warmup,SOL-USDT,sell,1.5480897335270678,1.0,Alpha6Factor,
2025-12-17 17:00:00,warmup,BNB-USDT,sell,1.0043259637391297,1.0,Alpha6Factor,
2025-12-18 17:00:00,warmup,ETH-USDT,sell,0.8443928889893422,0.8443928889893422,FUSED,"TrendFollowing,Alpha6Factor"
2025-12-18 17:00:00,warmup,SOL-USDT,sell,0.8721114250670402,0.8626501807598379,FUSED,"TrendFollowing,Alpha6Factor"
2025-12-18 17:00:00,warmup,BNB-USDT,sell,0.7963827267049937,0.8341027131326824,FUSED,"TrendFollowing,Alpha6Factor"
2025-12-18 17:00:00,warmup,BTC-USDT,sell,0.7266267702773884,0.7266267702773884,Alpha6Factor,
2025-12-19 17:00:00,warmup,ETH-USDT,buy,1.0,1.0,TrendFollowing,
2025-12-19 17:00:00,warmup,BTC-USDT,sell,0.5460018286213486,0.5460018286213486,Alpha6Factor,
2025-12-19 17:00:00,warmup,SOL-USDT,sell,0.7243332844705301,0.7243332844705301,Alpha6Factor,
2025-12-19 17:00:00,warmup,BNB-USDT,sell,0.5126421681317495,0.5126421681317495,Alpha6Factor,
2025-12-20 17:00:00,warmup,BTC-USDT,sell,0.6863562345731279,0.6863562345731279,Alpha6Factor,
2025-12-20 17:00:00,warmup,ETH-USDT,sell,0.42414577613158355,0.42414577613158355,Alpha6Factor,
2025-12-20 17:00:00,warmup,SOL-USDT,sell,1.098687268522198,1.0,Alpha6Factor,
2025-12-20 17:00:00,warmup,BNB-USDT,sell,0.8884424071639377,0.8884424071639377,Alpha6Factor,
2025-12-21 17:00:00,warmup,BNB-USDT,buy,0.5565414445426515,0.6039572869009747,FUSED,"TrendFollowing,Alpha6Factor"
2025-12-21 17:00:00,warmup,BTC-USDT,buy,0.48059714169257534,0.48059714169257534,Alpha6Factor,
2025-12-21 17:00:00,warmup,ETH-USDT,buy,0.8138979788545648,0.8138979788545648,Alpha6Factor,
2025-12-21 17:00:00,warmup,SOL-USDT,sell,0.13547004963693507,0.13547004963693507,Alpha6Factor,
2025-12-22 17:00:00,warmup,BTC-USDT,buy,0.7706213297396709,0.8164970637917368,TrendFollowing,
2025-12-22 17:00:00,warmup,SOL-USDT,sell,0.9919276478286346,0.9919276478286346,Alpha6Factor,
2025-12-22 17:00:00,warmup,BNB-USDT,buy,0.7606057883641977,0.8084846306913582,TrendFollowing,
2025-12-22 17:00:00,warmup,ETH-USDT,buy,0.10447146688633019,0.10447146688633019,Alpha6Factor,
2025-12-23 17:00:00,warmup,BTC-USDT,sell,1.0008965241361418,1.0,FUSED,"TrendFollowing,Alpha6Factor"
2025-12-23 17:00:00,warmup,ETH-USDT,sell,0.8459956649375668,0.8531099079820625,FUSED,"TrendFollowing,Alpha6Factor"
2025-12-23 17:00:00,warmup,SOL-USDT,sell,1.1301400611965449,0.9155050059165543,FUSED,"TrendFollowing,Alpha6Factor"
2025-12-23 17:00:00,warmup,BNB-USDT,sell,1.1507300737610735,1.0,FUSED,"TrendFollowing,Alpha6Factor"
2025-12-24 17:00:00,warmup,ETH-USDT,sell,0.7706324547705593,0.8036828504842641,FUSED,"TrendFollowing,Alpha6Factor"
2025-12-24 17:00:00,warmup,SOL-USDT,sell,1.1219930958525692,0.8498704806554077,FUSED,"TrendFollowing,Alpha6Factor"
2025-12-24 17:00:00,warmup,BTC-USDT,sell,0.9809623321119886,0.9809623321119886,Alpha6Factor,
2025-12-24 17:00:00,warmup,BNB-USDT,sell,1.1778465526059458,1.0,Alpha6Factor,
2025-12-25 17:00:00,warmup,BTC-USDT,buy,0.6212699848041203,0.6970159878432962,TrendFollowing,
2025-12-25 17:00:00,warmup,BNB-USDT,sell,0.9680608904472984,0.9680608904472984,FUSED,"TrendFollowing,Alpha6Factor"
2025-12-25 17:00:00,warmup,ETH-USDT,sell,0.4068036584720251,0.4068036584720251,Alpha6Factor,
2025-12-25 17:00:00,warmup,SOL-USDT,sell,0.8809672278619644,0.8809672278619644,Alpha6Factor,
2025-12-26 17:00:00,warmup,BTC-USDT,sell,0.38369509543457725,0.38369509543457725,Alpha6Factor,
2025-12-26 17:00:00,warmup,ETH-USDT,sell,0.4953952612043306,0.4953952612043306,Alpha6Factor,
2025-12-26 17:00:00,warmup,SOL-USDT,sell,0.8485530466781034,0.8485530466781034,Alpha6Factor,
2025-12-26 17:00:00,warmup,BNB-USDT,sell,1.1434024748692435,1.0,Alpha6Factor,
2025-12-27 17:00:00,warmup,ETH-USDT,sell,0.8229162325129535,0.8331361562954706,FUSED,"TrendFollowing,Alpha6Factor"
2025-12-27 17:00:00,warmup,SOL-USDT,sell,1.2632269906005575,1.0,Alpha6Factor,
2025-12-27 17:00:00,warmup,BTC-USDT,sell,0.8493817858450047,0.8493817858450047,Alpha6Factor,
2025-12-28 17:00:00,warmup,SOL-USDT,sell,0.9207282749708751,0.9207282749708751,Alpha6Factor,
2025-12-28 17:00:00,warmup,BTC-USDT,sell,0.5059115050054152,0.5059115050054152,Alpha6Factor,
2025-12-28 17:00:00,warmup,ETH-USDT,sell,0.7796870886114978,0.7796870886114978,Alpha6Factor,
2025-12-29 17:00:00,Risk-Off,BTC-USDT,sell,1.0522347215196983,1.0,Alpha6Factor,
2025-12-29 17:00:00,Risk-Off,ETH-USDT,sell,1.6363132257163011,1.0,Alpha6Factor,
2025-12-29 17:00:00,Risk-Off,SOL-USDT,sell,1.2785316922674248,1.0,Alpha6Factor,
2025-12-29 17:00:00,Risk-Off,BNB-USDT,sell,1.242100205173567,1.0,Alpha6Factor,
2025-12-30 17:00:00,Risk-Off,ETH-USDT,sell,1.4956032405373338,1.0,Alpha6Factor,
2025-12-30 17:00:00,Risk-Off,BTC-USDT,sell,0.7437712251262474,0.7437712251262474,Alpha6Factor,
2025-12-30 17:00:00,Risk-Off,SOL-USDT,sell,1.1489965660363226,1.0,Alpha6Factor,
2025-12-30 17:00:00,Risk-Off,BNB-USDT,sell,0.7876606539776679,0.7876606539776679,Alpha6Factor,
2025-12-31 17:00:00,Risk-Off,BTC-USDT,sell,0.6764207801605407,0.6764207801605407,Alpha6Factor,
2025-12-31 17:00:00,Risk-Off,ETH-USDT,sell,1.0096386191571645,1.0,Alpha6Factor,
2025-12-31 17:00:00,Risk-Off,SOL-USDT,sell,0.8153173677393186,0.8153173677393186,Alpha6Factor,
2025-12-31 17:00:00,Risk-Off,BNB-USDT,sell,0.15799232527258503,0.15799232527258503,Alpha6Factor,
2026-01-01 17:00:00,Risk-Off,BTC-USDT,sell,0.5195418936443416,0.5195418936443416,Alpha6Factor,
2026-01-01 17:00:00,Risk-Off,ETH-USDT,sell,0.5419703631197259,0.5419703631197259,Alpha6Factor,
2026-01-01 17:00:00,Risk-Off,SOL-USDT,sell,0.8117040875218351,0.8117040875218351,Alpha6Factor,
2026-01-01 17:00:00,Risk-Off,BNB-USDT,sell,0.5955664918846064,0.5955664918846064,Alpha6Factor,
2026-01-02 17:00:00,Risk-Off,BTC-USDT,buy,0.6677415013051351,0.6677415013051351,FUSED,"TrendFollowing,Alpha6Factor"
2026-01-02 17:00:00,Risk-Off,ETH-USDT,buy,0.7150940130205758,0.7150940130205758,FUSED,"TrendFollowing,Alpha6Factor"
2026-01-02 17:00:00,Risk-Off,SOL-USDT,buy,0.5368523250136557,0.5448524220806561,FUSED,"TrendFollowing,Alpha6Factor"
2026-01-02 17:00:00,Risk-Off,BNB-USDT,buy,0.5144615562721238,0.5172975911071367,FUSED,"TrendFollowing,Alpha6Factor"
2026-01-03 17:00:00,Risk-Off,SOL-USDT,buy,0.4378143810105913,0.4676109174292071,FUSED,"TrendFollowing,Alpha6Factor"
2026-01-03 17:00:00,Risk-Off,BNB-USDT,buy,1.0,1.0,TrendFollowing,
2026-01-03 17:00:00,Risk-Off,BTC-USDT,buy,0.1742890637330446,0.1742890637330446,Alpha6Factor,
2026-01-04 17:00:00,Risk-Off,BTC-USDT,buy,1.1303049891702672,1.0,FUSED,"TrendFollowing,Alpha6Factor"
2026-01-04 17:00:00,Risk-Off,SOL-USDT,buy,1.0359705946719302,0.9784171077426218,FUSED,"TrendFollowing,Alpha6Factor"
2026-01-04 17:00:00,Risk-Off,BNB-USDT,buy,1.2211321962563155,1.0,FUSED,"TrendFollowing,Alpha6Factor"
2026-01-04 17:00:00,Risk-Off,ETH-USDT,buy,1.0158248636415768,1.0,Alpha6Factor,
2026-01-05 17:00:00,Risk-Off,BTC-USDT,buy,1.2701763035458802,0.8915945279646881,FUSED,"TrendFollowing,Alpha6Factor"
2026-01-05 17:00:00,Risk-Off,ETH-USDT,buy,1.6702905826175702,1.0,Alpha6Factor,
2026-01-05 17:00:00,Risk-Off,SOL-USDT,buy,1.1319763463008854,1.0,Alpha6Factor,
2026-01-05 17:00:00,Risk-Off,BNB-USDT,buy,1.241414813808745,1.0,Alpha6Factor,
2026-01-06 17:00:00,Risk-Off,BTC-USDT,buy,1.6158837107814774,1.0,Alpha6Factor,
2026-01-06 17:00:00,Risk-Off,ETH-USDT,buy,2.5185392101486235,1.0,Alpha6Factor,
2026-01-06 17:00:00,Risk-Off,SOL-USDT,buy,2.099700822082362,1.0,Alpha6Factor,
2026-01-06 17:00:00,Risk-Off,BNB-USDT,buy,1.8076813272270955,1.0,Alpha6Factor,
2026-01-07 17:00:00,Risk-Off,BTC-USDT,buy,1.492483669194088,1.0,Alpha6Factor,
2026-01-07 17:00:00,Risk-Off,ETH-USDT,buy,1.2658548789235133,0.7587138530966085,FUSED,"MeanReversion,Alpha6Factor"
2026-01-07 17:00:00,Risk-Off,SOL-USDT,buy,0.9533656813610061,0.6136087484811691,FUSED,"MeanReversion,Alpha6Factor"
2026-01-07 17:00:00,Risk-Off,BNB-USDT,buy,1.9819273334651797,1.0,Alpha6Factor,
2026-01-08 17:00:00,Risk-Off,BTC-USDT,buy,1.2823036663088692,1.0,Alpha6Factor,
2026-01-08 17:00:00,Risk-Off,ETH-USDT,buy,1.1783807303216682,1.0,Alpha6Factor,
2026-01-08 17:00:00,Risk-Off,SOL-USDT,buy,1.9753604941441032,1.0,Alpha6Factor,
2026-01-08 17:00:00,Risk-Off,BNB-USDT,buy,1.230151083933082,1.0,Alpha6Factor,
2026-01-09 17:00:00,Risk-Off,BTC-USDT,buy,0.831460411176731,0.831460411176731,Alpha6Factor,
2026-01-09 17:00:00,Risk-Off,ETH-USDT,buy,0.7805784604334783,0.7805784604334783,Alpha6Factor,
2026-01-09 17:00:00,Risk-Off,SOL-USDT,buy,1.556619560291519,1.0,Alpha6Factor,
2026-01-09 17:00:00,Risk-Off,BNB-USDT,buy,1.2067672575206785,1.0,Alpha6Factor,
2026-01-10 17:00:00,Risk-Off,BNB-USDT,buy,1.1689001630269225,0.9194220501363936,FUSED,"TrendFollowing,Alpha6Factor"
2026-01-10 17:00:00,Risk-Off,BTC-USDT,buy,0.3455639566716515,0.3455639566716515,Alpha6Factor,
2026-01-10 17:00:00,Risk-Off,ETH-USDT,buy,0.4115078970317006,0.4115078970317006,Alpha6Factor,
2026-01-11 17:00:00,Risk-Off,ETH-USDT,buy,0.6695368144483795,0.6883220019780195,FUSED,"TrendFollowing,Alpha6Factor"
2026-01-11 17:00:00,Risk-Off,SOL-USDT,buy,1.2186775709160091,0.9477269606981414,FUSED,"TrendFollowing,Alpha6Factor"
2026-01-11 17:00:00,Risk-Off,BTC-USDT,buy,0.32192217458856054,0.32192217458856054,Alpha6Factor,
2026-01-11 17:00:00,Risk-Off,BNB-USDT,buy,1.0289198384294014,1.0,Alpha6Factor,
2026-01-12 17:00:00,Sideways,SOL-USDT,buy,1.433597456532029,0.809279909511127,FUSED,"TrendFollowing,Alpha6Factor"
2026-01-12 17:00:00,Sideways,BTC-USDT,buy,1.0320179748478053,1.0,Alpha6Factor,
2026-01-12 17:00:00,Sideways,ETH-USDT,buy,1.096414550651257,1.0,Alpha6Factor,
2026-01-12 17:00:00,Sideways,BNB-USDT,buy,1.6881686726995835,1.0,Alpha6Factor,
2026-01-13 17:00:00,Trending,BTC-USDT,buy,1.3877138376044496,1.0,FUSED,"TrendFollowing,Alpha6Factor"
2026-01-13 17:00:00,Trending,ETH-USDT,buy,1.3953275295600887,1.0,FUSED,"TrendFollowing,Alpha6Factor"
2026-01-13 17:00:00,Trending,SOL-USDT,buy,1.8199418475719018,0.9570386596611901,FUSED,"TrendFollowing,Alpha6Factor"
2026-01-13 17:00:00,Trending,BNB-USDT,buy,1.5054229365353193,0.8451957505596555,FUSED,"TrendFollowing,Alpha6Factor"
2026-01-14 17:00:00,Trending,BTC-USDT,buy,1.930365895745474,1.0,FUSED,"TrendFollowing,Alpha6Factor"
2026-01-14 17:00:00,Trending,ETH-USDT,buy,1.993844334300856,1.0,FUSED,"TrendFollowing,Alpha6Factor"
2026-01-14 17:00:00,Trending,SOL-USDT,buy,1.8071195863673384,0.9159701089259502,FUSED,"TrendFollowing,Alpha6Factor"
2026-01-14 17:00:00,Trending,BNB-USDT,buy,1.8956028588589129,0.8995526685203554,FUSED,"TrendFollowing,Alpha6Factor"
2026-01-15 17:00:00,Trending,BTC-USDT,buy,2.780866861353416,1.0,Alpha6Factor,
2026-01-15 17:00:00,Trending,ETH-USDT,buy,2.6969878276924812,1.0,Alpha6Factor,
2026-01-15 17:00:00,Trending,SOL-USDT,buy,2.6176104360257977,1.0,Alpha6Factor,
2026-01-15 17:00:00,Trending,BNB-USDT,buy,3.0773199053174354,1.0,Alpha6Factor,
2026-01-16 17:00:00,Trending,BTC-USDT,buy,2.0341573743761847,1.0,Alpha6Factor,
2026-01-16 17:00:00,Trending,ETH-USDT,buy,2.3354071414131328,1.0,Alpha6Factor,
2026-01-16 17:00:00,Trending,BNB-USDT,buy,2.5590086700604213,1.0,Alpha6Factor,
2026-01-16 17:00:00,Trending,SOL-USDT,buy,2.4131967269632515,1.0,Alpha6Factor,
2026-01-17 17:00:00,Trending,BNB-USDT,buy,1.8239873364503145,1.0,FUSED,"TrendFollowing,Alpha6Factor"
2026-01-17 17:00:00,Trending,BTC-USDT,buy,1.9571328377194555,1.0,Alpha6Factor,
2026-01-17 17:00:00,Trending,ETH-USDT,buy,2.4689140310570523,1.0,Alpha6Factor,
2026-01-17 17:00:00,Trending,SOL-USDT,buy,2.4508092453156176,1.0,Alpha6Factor,
2026-01-18 17:00:00,Trending,ETH-USDT,buy,1.619714295514461,0.8081193858203829,FUSED,"TrendFollowing,Alpha6Factor"
2026-01-18 17:00:00,Trending,BTC-USDT,buy,2.025695021791992,1.0,Alpha6Factor,
2026-01-18 17:00:00,Trending,BNB-USDT,buy,2.7391173942406013,1.0,Alpha6Factor,
2026-01-19 17:00:00,Trending,BTC-USDT,buy,1.3916678916901994,1.0,Alpha6Factor,
2026-01-19 17:00:00,Trending,BNB-USDT,buy,2.0415550917798084,1.0,Alpha6Factor,
2026-01-20 17:00:00,Trending,BTC-USDT,sell,1.0,1.0,TrendFollowing,
2026-01-20 17:00:00,Trending,ETH-USDT,sell,1.0,1.0,TrendFollowing,
2026-01-20 17:00:00,Trending,SOL-USDT,sell,1.0,1.0,TrendFollowing,
2026-01-20 17:00:00,Trending,BNB-USDT,sell,1.0,1.0,TrendFollowing,
2026-01-21 17:00:00,Trending,ETH-USDT,sell,0.5560697714016382,0.5961394952141335,FUSED,"TrendFollowing,Alpha6Factor"
2026-01-21 17:00:00,Trending,BNB-USDT,sell,1.0,1.0,TrendFollowing,
2026-01-21 17:00:00,Trending,BTC-USDT,sell,0.059439502456408624,0.059439502456408624,Alpha6Factor,
2026-01-22 17:00:00,Trending,ETH-USDT,sell,0.8769807587669765,0.8889140949441596,FUSED,"TrendFollowing,Alpha6Factor"
2026-01-22 17:00:00,Trending,BNB-USDT,sell,0.3077711604969007,0.3531223263360488,FUSED,"TrendFollowing,Alpha6Factor"
2026-01-22 17:00:00,Trending,BTC-USDT,sell,0.1559671876973847,0.1559671876973847,Alpha6Factor,
2026-01-22 17:00:00,Trending,SOL-USDT,sell,0.4396872667458217,0.4396872667458217,Alpha6Factor,
2026-01-23 17:00:00,Trending,BTC-USDT,buy,0.053830478162358406,0.053830478162358406,Alpha6Factor,
2026-01-23 17:00:00,Trending,ETH-USDT,sell,0.7786634038676745,0.7786634038676745,Alpha6Factor,
2026-01-23 17:00:00,Trending,SOL-USDT,sell,0.5331555777872424,0.5331555777872424,Alpha6Factor,
2026-01-23 17:00:00,Trending,BNB-USDT,buy,0.3512353746779267,0.3512353746779267,Alpha6Factor,
2026-01-24 17:00:00,Trending,BTC-USDT,sell,0.6557036114864859,0.6945348437766594,FUSED,"TrendFollowing,Alpha6Factor"
2026-01-24 17:00:00,Trending,ETH-USDT,sell,1.1035186234933059,1.0,Alpha6Factor,
2026-01-24 17:00:00,Trending,SOL-USDT,sell,0.9635087418100474,0.9635087418100474,Alpha6Factor,
2026-01-24 17:00:00,Trending,BNB-USDT,sell,0.44028952819832556,0.44028952819832556,Alpha6Factor,
2026-01-25 17:00:00,Trending,BTC-USDT,sell,1.35419172899389,1.0,FUSED,"TrendFollowing,Alpha6Factor"
2026-01-25 17:00:00,Trending,ETH-USDT,sell,1.438073446897798,1.0,FUSED,"TrendFollowing,Alpha6Factor"
2026-01-25 17:00:00,Trending,SOL-USDT,sell,1.3380734413621855,1.0,FUSED,"TrendFollowing,Alpha6Factor"
2026-01-25 17:00:00,Trending,BNB-USDT,sell,1.0679378519362768,1.0,FUSED,"TrendFollowing,Alpha6Factor"
2026-01-26 17:00:00,Sideways,BTC-USDT,sell,0.9002635389020569,0.9002635389020569,Alpha6Factor,
2026-01-26 17:00:00,Sideways,ETH-USDT,sell,1.198985321682489,1.0,Alpha6Factor,
2026-01-26 17:00:00,Sideways,SOL-USDT,sell,0.9263836531405731,0.9263836531405731,Alpha6Factor,
2026-01-26 17:00:00,Sideways,BNB-USDT,sell,0.614624902855629,0.614624902855629,Alpha6Factor,
2026-01-27 17:00:00,Trending,BNB-USDT,buy,0.7006281298737642,0.7605025038990114,TrendFollowing,
2026-01-27 17:00:00,Trending,BTC-USDT,sell,0.925630014991894,0.925630014991894,Alpha6Factor,
2026-01-27 17:00:00,Trending,ETH-USDT,sell,1.120147129383253,1.0,Alpha6Factor,
2026-01-27 17:00:00,Trending,SOL-USDT,sell,1.1991418892450865,1.0,Alpha6Factor,
2026-01-28 17:00:00,Sideways,BTC-USDT,buy,0.5158790839206643,0.6127032671365314,TrendFollowing,
2026-01-28 17:00:00,Sideways,BNB-USDT,buy,0.6497921660745308,0.6609595646465473,FUSED,"TrendFollowing,Alpha6Factor"
2026-01-28 17:00:00,Sideways,ETH-USDT,sell,0.4821470369998371,0.4821470369998371,Alpha6Factor,
2026-01-28 17:00:00,Sideways,SOL-USDT,sell,1.1909082726463722,1.0,Alpha6Factor,
2026-01-29 17:00:00,Trending,BTC-USDT,sell,1.1896770976311286,1.0,FUSED,"TrendFollowing,Alpha6Factor"
2026-01-29 17:00:00,Trending,ETH-USDT,sell,1.1813613941459769,1.0,FUSED,"TrendFollowing,Alpha6Factor"
2026-01-29 17:00:00,Trending,SOL-USDT,sell,1.4440706248313613,1.0,FUSED,"TrendFollowing,Alpha6Factor"
2026-01-29 17:00:00,Trending,BNB-USDT,sell,0.600726191341581,0.6382232807048485,FUSED,"TrendFollowing,Alpha6Factor"
2026-01-30 17:00:00,Trending,BTC-USDT,sell,1.0861505366093933,0.9505131624565158,FUSED,"TrendFollowing,Alpha6Factor"
2026-01-30 17:00:00,Trending,ETH-USDT,sell,1.2525903494140882,0.9884130134954349,FUSED,"TrendFollowing,Alpha6Factor"
2026-01-30 17:00:00,Trending,SOL-USDT,sell,1.4979384842821133,1.0,Alpha6Factor,
2026-01-30 17:00:00,Trending,BNB-USDT,sell,0.9294548482209719,0.9294548482209719,Alpha6Factor,
2026-01-31 17:00:00,Trending,BTC-USDT,sell,1.7069433548491144,1.0,FUSED,"TrendFollowing,Alpha6Factor"
2026-01-31 17:00:00,Trending,ETH-USDT,sell,1.9471928959281721,1.0,FUSED,"TrendFollowing,Alpha6Factor"
2026-01-31 17:00:00,Trending,SOL-USDT,sell,2.055201169521875,1.0,FUSED,"TrendFollowing,Alpha6Factor"
2026-01-31 17:00:00,Trending,BNB-USDT,sell,1.6210962007283103,1.0,FUSED,"TrendFollowing,Alpha6Factor"
2026-02-01 17:00:00,Trending,BTC-USDT,sell,1.812415312300448,0.9181110701978067,FUSED,"TrendFollowing,Alpha6Factor"
2026-02-01 17:00:00,Trending,ETH-USDT,sell,2.0485861001311156,0.9868877044710908,FUSED,"TrendFollowing,Alpha6Factor"
2026-02-01 17:00:00,Trending,SOL-USDT,sell,1.999573989841398,0.8568270873397815,FUSED,"TrendFollowing,Alpha6Factor"
2026-02-01 17:00:00,Trending,BNB-USDT,sell,1.9749186668751226,1.0,FUSED,"TrendFollowing,Alpha6Factor"
2026-02-02 17:00:00,Risk-Off,BTC-USDT,sell,1.3471417547415958,0.5911306290298026,FUSED,"MeanReversion,Alpha6Factor"
2026-02-02 17:00:00,Risk-Off,ETH-USDT,sell,1.5212667535587083,0.5881072410632444,FUSED,"MeanReversion,Alpha6Factor"
2026-02-02 17:00:00,Risk-Off,SOL-USDT,sell,1.666192525230613,0.6302027748132335,FUSED,"MeanReversion,Alpha6Factor"
2026-02-02 17:00:00,Risk-Off,BNB-USDT,sell,2.8197051174130636,1.0,Alpha6Factor,
2026-02-03 17:00:00,Risk-Off,ETH-USDT,sell,2.655481618699316,1.0,FUSED,"TrendFollowing,Alpha6Factor"
2026-02-03 17:00:00,Risk-Off,BTC-USDT,sell,4.021318246850782,1.0,Alpha6Factor,
2026-02-03 17:00:00,Risk-Off,SOL-USDT,sell,4.025005372202934,1.0,Alpha6Factor,
2026-02-03 17:00:00,Risk-Off,BNB-USDT,sell,3.5584374413221536,1.0,Alpha6Factor,
2026-02-04 17:00:00,Risk-Off,BTC-USDT,sell,2.3229972054730657,0.8693598194098261,FUSED,"TrendFollowing,Alpha6Factor"
2026-02-04 17:00:00,Risk-Off,ETH-USDT,sell,2.3254099344600156,0.8464532892886691,FUSED,"TrendFollowing,Alpha6Factor"
2026-02-04 17:00:00,Risk-Off,SOL-USDT,sell,2.5389588971516797,1.0,FUSED,"TrendFollowing,Alpha6Factor"
2026-02-04 17:00:00,Risk-Off,BNB-USDT,sell,2.132628148801412,0.8506396404341361,FUSED,"TrendFollowing,Alpha6Factor"
2026-02-05 17:00:00,Risk-Off,BTC-USDT,sell,2.6515734362193886,1.0,FUSED,"TrendFollowing,Alpha6Factor"
2026-02-05 17:00:00,Risk-Off,ETH-USDT,sell,2.5461341367818866,1.0,FUSED,"TrendFollowing,Alpha6Factor"
2026-02-05 17:00:00,Risk-Off,SOL-USDT,sell,2.5932726696252675,0.9307669031253044,FUSED,"TrendFollowing,Alpha6Factor"
2026-02-05 17:00:00,Risk-Off,BNB-USDT,sell,2.5767807607360123,1.0,FUSED,"TrendFollowing,Alpha6Factor"
2026-02-06 17:00:00,Risk-Off,BTC-USDT,sell,2.681956075500599,1.0,Alpha6Factor,
2026-02-06 17:00:00,Risk-Off,ETH-USDT,sell,3.2644980073118943,1.0,Alpha6Factor,
2026-02-06 17:00:00,Risk-Off,SOL-USDT,sell,3.0207669957769085,1.0,Alpha6Factor,
2026-02-06 17:00:00,Risk-Off,BNB-USDT,sell,3.470652058425732,1.0,Alpha6Factor,
2026-02-07 17:00:00,Risk-Off,BTC-USDT,sell,3.5493874308691753,1.0,Alpha6Factor,
2026-02-07 17:00:00,Risk-Off,ETH-USDT,sell,3.6408303915728824,1.0,Alpha6Factor,
2026-02-07 17:00:00,Risk-Off,SOL-USDT,sell,3.658598343099331,1.0,Alpha6Factor,
2026-02-07 17:00:00,Risk-Off,BNB-USDT,sell,4.206274614721379,1.0,Alpha6Factor,
2026-02-08 17:00:00,Risk-Off,BTC-USDT,sell,3.0609076523344094,1.0,Alpha6Factor,
2026-02-08 17:00:00,Risk-Off,ETH-USDT,sell,3.3341306793394883,1.0,Alpha6Factor,
2026-02-08 17:00:00,Risk-Off,SOL-USDT,sell,3.454232922467835,1.0,Alpha6Factor,
2026-02-08 17:00:00,Risk-Off,BNB-USDT,sell,4.173076808444257,1.0,Alpha6Factor,
2026-02-09 17:00:00,Risk-Off,BTC-USDT,sell,2.7196616032750276,1.0,Alpha6Factor,
2026-02-09 17:00:00,Risk-Off,ETH-USDT,sell,2.728338137411501,1.0,Alpha6Factor,
2026-02-09 17:00:00,Risk-Off,SOL-USDT,sell,2.9151714527797994,1.0,Alpha6Factor,
2026-02-09 17:00:00,Risk-Off,BNB-USDT,sell,3.6889902011491107,1.0,Alpha6Factor,
2026-02-10 17:00:00,Risk-Off,ETH-USDT,sell,1.8956227575484106,1.0,FUSED,"TrendFollowing,Alpha6Factor"
2026-02-10 17:00:00,Risk-Off,SOL-USDT,sell,2.0596916045878864,1.0,FUSED,"TrendFollowing,Alpha6Factor"
2026-02-10 17:00:00,Risk-Off,BNB-USDT,sell,2.3637488476520545,0.9909084168587766,FUSED,"TrendFollowing,Alpha6Factor"
2026-02-10 17:00:00,Risk-Off,BTC-USDT,sell,2.5865877531957215,1.0,Alpha6Factor,
2026-02-11 17:00:00,Risk-Off,BTC-USDT,sell,2.1349331583833755,0.9931011936870962,FUSED,"TrendFollowing,Alpha6Factor"
2026-02-11 17:00:00,Risk-Off,ETH-USDT,sell,2.1997316368717024,1.0,FUSED,"TrendFollowing,Alpha6Factor"
2026-02-11 17:00:00,Risk-Off,SOL-USDT,sell,2.1752459875378825,0.8654473116695524,FUSED,"TrendFollowing,Alpha6Factor"
2026-02-11 17:00:00,Risk-Off,BNB-USDT,sell,2.534657129584433,1.0,FUSED,"TrendFollowing,Alpha6Factor"
2026-02-12 17:00:00,Risk-Off,ETH-USDT,sell,2.150178709976787,0.8732483088256485,FUSED,"TrendFollowing,Alpha6Factor"
2026-02-12 17:00:00,Risk-Off,BTC-USDT,sell,3.5341183313982065,1.0,Alpha6Factor,
2026-02-12 17:00:00,Risk-Off,SOL-USDT,sell,3.8308563033687792,1.0,Alpha6Factor,
2026-02-12 17:00:00,Risk-Off,BNB-USDT,sell,4.240268606015309,1.0,Alpha6Factor,
2026-02-13 17:00:00,Risk-Off,ETH-USDT,sell,2.7988879209376663,1.0,Alpha6Factor,
2026-02-13 17:00:00,Risk-Off,BTC-USDT,sell,2.6958786832558,1.0,Alpha6Factor,
2026-02-13 17:00:00,Risk-Off,SOL-USDT,sell,2.988866395664239,1.0,Alpha6Factor,
2026-02-13 17:00:00,Risk-Off,BNB-USDT,sell,3.729184310300209,1.0,Alpha6Factor,
2026-02-15 17:00:00,Risk-Off,BTC-USDT,sell,2.753179140029571,1.0,Alpha6Factor,
2026-02-15 17:00:00,Risk-Off,ETH-USDT,sell,3.05498475684609,1.0,Alpha6Factor,
2026-02-15 17:00:00,Risk-Off,SOL-USDT,sell,2.624996519383394,1.0,Alpha6Factor,
2026-02-15 17:00:00,Risk-Off,BNB-USDT,sell,3.563520788448376,1.0,Alpha6Factor,
2026-02-16 17:00:00,Risk-Off,SOL-USDT,sell,1.7530720974870422,0.9058327569829067,FUSED,"TrendFollowing,Alpha6Factor"
2026-02-16 17:00:00,Risk-Off,BTC-USDT,sell,2.7069935175966715,1.0,Alpha6Factor,
2026-02-16 17:00:00,Risk-Off,ETH-USDT,sell,2.977496212545202,1.0,Alpha6Factor,
2026-02-16 17:00:00,Risk-Off,BNB-USDT,sell,3.56372902913164,1.0,Alpha6Factor,
2026-02-17 17:00:00,Risk-Off,BTC-USDT,sell,1.7989543558926366,0.8639582900118382,FUSED,"TrendFollowing,Alpha6Factor"
2026-02-17 17:00:00,Risk-Off,SOL-USDT,sell,1.7404074769858264,0.8452799880139319,FUSED,"TrendFollowing,Alpha6Factor"
2026-02-17 17:00:00,Risk-Off,ETH-USDT,sell,3.1614351731337984,1.0,Alpha6Factor,
2026-02-17 17:00:00,Risk-Off,BNB-USDT,sell,3.6999148949559877,1.0,Alpha6Factor,
2026-02-18 17:00:00,Risk-Off,SOL-USDT,sell,1.6251929957509554,0.8460629419272695,FUSED,"TrendFollowing,Alpha6Factor"
2026-02-18 17:00:00,Risk-Off,BTC-USDT,sell,2.4031898510938636,1.0,Alpha6Factor,
2026-02-18 17:00:00,Risk-Off,ETH-USDT,sell,2.6801661309653966,1.0,Alpha6Factor,
2026-02-18 17:00:00,Risk-Off,BNB-USDT,sell,3.3068445445523933,1.0,Alpha6Factor,
2026-02-19 17:00:00,Risk-Off,ETH-USDT,sell,1.6918224237717936,0.8027890994968543,FUSED,"TrendFollowing,Alpha6Factor"
2026-02-19 17:00:00,Risk-Off,BTC-USDT,sell,2.5196520754631546,1.0,Alpha6Factor,
2026-02-19 17:00:00,Risk-Off,SOL-USDT,sell,2.977337906601178,1.0,Alpha6Factor,
2026-02-19 17:00:00,Risk-Off,BNB-USDT,sell,3.520070957736122,1.0,Alpha6Factor,
2026-02-20 17:00:00,Risk-Off,BTC-USDT,sell,1.475452633164213,1.0,Alpha6Factor,
2026-02-20 17:00:00,Risk-Off,BNB-USDT,sell,2.1008088652794683,1.0,Alpha6Factor,
2026-02-20 17:00:00,Risk-Off,ETH-USDT,sell,1.6020248259191459,1.0,Alpha6Factor,
2026-02-21 17:00:00,Risk-Off,ETH-USDT,sell,1.464830490409659,1.0,Alpha6Factor,
2026-02-21 17:00:00,Risk-Off,SOL-USDT,sell,1.5163708663217084,1.0,Alpha6Factor,
2026-02-21 17:00:00,Risk-Off,BTC-USDT,sell,1.47714031332154,1.0,Alpha6Factor,
2026-02-21 17:00:00,Risk-Off,BNB-USDT,sell,2.013677323040793,1.0,Alpha6Factor,
2026-02-22 17:00:00,Risk-Off,BTC-USDT,sell,1.267214532884428,0.8679496575501926,FUSED,"TrendFollowing,Alpha6Factor"
2026-02-22 17:00:00,Risk-Off,SOL-USDT,sell,1.5152822006515243,0.9544150263324777,FUSED,"TrendFollowing,Alpha6Factor"
2026-02-22 17:00:00,Risk-Off,BNB-USDT,sell,1.841403056841645,0.9814382798404608,FUSED,"TrendFollowing,Alpha6Factor"
2026-02-22 17:00:00,Risk-Off,ETH-USDT,sell,1.9591241910469688,1.0,Alpha6Factor,
2026-02-23 17:00:00,Risk-Off,BTC-USDT,sell,0.8943574787925225,0.8918946612240065,FUSED,"TrendFollowing,Alpha6Factor"
2026-02-23 17:00:00,Risk-Off,ETH-USDT,sell,0.7474534606950363,0.7852034200378359,FUSED,"TrendFollowing,Alpha6Factor"
2026-02-23 17:00:00,Risk-Off,SOL-USDT,sell,1.0804660397712238,0.8923929623564332,FUSED,"TrendFollowing,Alpha6Factor"
2026-02-23 17:00:00,Risk-Off,BNB-USDT,sell,1.2412660676148084,0.8428813955500511,FUSED,"TrendFollowing,Alpha6Factor"
2026-02-24 17:00:00,Risk-Off,BNB-USDT,sell,1.5648132522891376,1.0,FUSED,"TrendFollowing,Alpha6Factor"
2026-02-24 17:00:00,Risk-Off,BTC-USDT,sell,1.337999057615811,1.0,Alpha6Factor,
2026-02-24 17:00:00,Risk-Off,ETH-USDT,sell,1.322446307004775,1.0,Alpha6Factor,
2026-02-24 17:00:00,Risk-Off,SOL-USDT,sell,1.3895285590368187,1.0,Alpha6Factor,
